content,annotation/0/label/0,annotation/0/notes,annotation/0/points/0/x,annotation/0/points/0/y,annotation/0/points/1/x,annotation/0/points/1/y,annotation/0/imageWidth,annotation/0/imageHeight,extras,annotation/1/label/0,annotation/1/notes,annotation/1/points/0/x,annotation/1/points/0/y,annotation/1/points/1/x,annotation/1/points/1/y,annotation/1/imageWidth,annotation/1/imageHeight
http://com.dataturks.a96-i23.open.s3.amazonaws.com/2c9fafb0646e9cf9016473f1a561002a/77d1f81a-bee6-487c-aff2-0efa31a9925c____bd7f7862-d727-11e7-ad30-e18a56154311.jpg.jpeg,number_plate,,0.722084367,0.587982833,0.868486352,0.688841202,806,466,,,,,,,,,
http://com.dataturks.a96-i23.open.s3.amazonaws.com/2c9fafb0646e9cf9016473f1a561002a/4eb236a3-6547-4103-b46f-3756d21128a9___06-Sanjay-Dutt.jpg.jpeg,number_plate,,0.16194332,0.85077951,0.582995951,1,494,449,,,,,,,,,
http://com.dataturks.a96-i23.open.s3.amazonaws.com/2c9fafb0646e9cf9016473f1a561002a/84969111-2ec3-4914-b3bb-da5aaac701e7___1.jpg.jpeg,number_plate,,0.082,0.697452229,0.23,0.828025478,500,314,,,,,,,,,
http://com.dataturks.a96-i23.open.s3.amazonaws.com/2c9fafb0646e9cf9016473f1a561002a/52b45060-9645-47c7-882d-b69a5bf07eff___1006372d1351343820-my-new-maruti-swift-zxi-21102012241.jpg.jpeg,number_plate,,0.434,0.667377399,0.718,0.765458422,500,469,,,,,,,,,
http://com.dataturks.a96-i23.open.s3.amazonaws.com/2c9fafb0646e9cf9016473f1a561002a/5d08ee4a-d8e7-4fda-8959-21f263f62c25___100923d1368191518-custom-number-plates-embossedplates1.jpg.jpeg,number_plate,,0.208791209,0.390763766,0.865134865,0.98401421,1001,563,,,,,,,,,
http://com.dataturks.a96-i23.open.s3.amazonaws.com/2c9fafb0646e9cf9016473f1a561002a/18d2b870-7817-46da-a59a-6406c1b472c9___1033.png,number_plate,,0.254807692,0.649651972,0.627403846,0.777262181,416,431,,,,,,,,,
http://com.dataturks.a96-i23.open.s3.amazonaws.com/2c9fafb0646e9cf9016473f1a561002a/8b9e7112-9149-48fb-b8e8-c3e89cce5af0___1074650_10201043987997310_227646612_o.jpg.jpeg,number_plate,,0.411978221,0.52967033,0.805807623,0.692307692,551,455,,,,,,,,,
http://com.dataturks.a96-i23.open.s3.amazonaws.com/2c9fafb0646e9cf9016473f1a561002a/be483d11-33f0-4c1f-87b6-9844eea28996___1093346d1370435964-take-look-number-plate-photo.jpg.jpeg,number_plate,,0.485454545,0.461824953,0.72,0.595903166,550,537,,,,,,,,,
http://com.dataturks.a96-i23.open.s3.amazonaws.com/2c9fafb0646e9cf9016473f1a561002a/ab573806-1da7-4ccf-93c8-6082e0cc15c3___1107433d1373284570-my-modded-skoda-rapid-now-166-bhp-351-nm-119-whp-per-tonne-hdr_00005_normal.jpg.jpeg,number_plate,,0.410757946,0.453714286,0.568867156,0.516571429,1569,1119,,,,,,,,,
http://com.dataturks.a96-i23.open.s3.amazonaws.com/2c9fafb0646e9cf9016473f1a561002a/dfedf2ad-6596-48d4-a7f6-171e55c8f637___1160575d1383218860-high-security-registration-plates-hsrp-india-wp_20131030_16_01_22_pro.jpg.jpeg,number_plate,,0.413202934,0.397101449,0.586797066,0.623188406,1632,918,,,,,,,,,
http://com.dataturks.a96-i23.open.s3.amazonaws.com/2c9fafb0646e9cf9016473f1a561002a/8edca6de-d964-4027-823d-f70d3f872412___12042943_1003224833031653_9073848483429898813_n.jpg.jpeg,number_plate,,0.31152648,0.345,0.657320872,0.5475,642,400,,,,,,,,,
http://com.dataturks.a96-i23.open.s3.amazonaws.com/2c9fafb0646e9cf9016473f1a561002a/f265077a-611f-4a18-abe5-46518b1756e6___1232700-take-look-number-plate-uploadfromtaptalk1398055489406.jpg.jpeg,number_plate,,0.33984375,0.491547464,0.487304688,0.568270481,1024,769,,,,,,,,,
http://com.dataturks.a96-i23.open.s3.amazonaws.com/2c9fafb0646e9cf9016473f1a561002a/11186c4c-5f17-49b1-af37-a138a1e53794___12837944763_e7c6c6381a_z.jpg.jpeg,number_plate,,0.3359375,0.427586207,0.6828125,0.549425287,640,435,,,,,,,,,
http://com.dataturks.a96-i23.open.s3.amazonaws.com/2c9fafb0646e9cf9016473f1a561002a/8187c22d-5fa4-4976-9c00-80b2ab66b97d___1290890d1411349145-take-look-number-plate-img_20140903_093600_hdr.jpg.jpeg,number_plate,,0.18,0.415730337,0.443636364,0.629213483,550,534,,,,,,,,,
http://com.dataturks.a96-i23.open.s3.amazonaws.com/2c9fafb0646e9cf9016473f1a561002a/931dfd5a-3d1f-4a08-9234-0453545e27ea___1297127d1412798792-maruti-ciaz-official-review-imag0627.jpg.jpeg,number_plate,,0.302,0.388679245,0.72,0.701886792,500,265,,,,,,,,,
http://com.dataturks.a96-i23.open.s3.amazonaws.com/2c9fafb0646e9cf9016473f1a561002a/8625b831-13a1-4b7d-9466-826cd6d36c67___1304650d1414861991-number-plates-merchandise-canvas-ink-gurgaon-edit-closed-10471269_1537317779842156_5063668061078329632_n.jpg.jpeg,number_plate,,0.354005168,0.535825545,0.667958656,0.671339564,774,642,,,,,,,,,
http://com.dataturks.a96-i23.open.s3.amazonaws.com/2c9fafb0646e9cf9016473f1a561002a/3d7cd880-ea4b-4d63-9706-bea1df54af20___135712d1400874352-skoda-rapid-1-6tdi-cr-mt-elegance-ultima-candy-white-white-monster-1911216_676392609084007_1524722860_o.jpg.jpeg,number_plate,,0.379713914,0.618705036,0.635890767,0.767386091,769,417,,,,,,,,,
http://com.dataturks.a96-i23.open.s3.amazonaws.com/2c9fafb0646e9cf9016473f1a561002a/9cad4b47-6c7b-4e30-ab55-b7fa040beb56___135717d1400912281-skoda-rapid-1-6tdi-cr-mt-elegance-ultima-candy-white-white-monster-_mg_2993comp.jpg.jpeg,number_plate,,0.128205128,0.590163934,0.39957265,0.765027322,468,366,,,,,,,,,
http://com.dataturks.a96-i23.open.s3.amazonaws.com/2c9fafb0646e9cf9016473f1a561002a/ae0bb069-0e7e-412a-9473-e8e0d4041cbc___135718d1400912281-skoda-rapid-1-6tdi-cr-mt-elegance-ultima-candy-white-white-monster-_mg_3000comp.jpg.jpeg,number_plate,,0.678861789,0.486005089,0.880081301,0.595419847,492,393,,,,,,,,,
http://com.dataturks.a96-i23.open.s3.amazonaws.com/2c9fafb0646e9cf9016473f1a561002a/7c8229d7-7e37-41a6-9262-d5da278c8d8e___139379d1243147524-ok-have-dealers-name-number-plate-1.jpg.jpeg,number_plate,,0.285092492,0.357142857,0.807399347,0.738721805,919,532,,,,,,,,,
http://com.dataturks.a96-i23.open.s3.amazonaws.com/2c9fafb0646e9cf9016473f1a561002a/3c0a3772-d18d-4ff7-861c-7e50b7974edb___1393874-take-look-number-plate-imageuploadedbyteambhp1437414250.447892.jpg.jpeg,number_plate,,0.314893617,0.474666667,0.755319149,0.733333333,470,375,,,,,,,,,
http://com.dataturks.a96-i23.open.s3.amazonaws.com/2c9fafb0646e9cf9016473f1a561002a/319f51dc-9db2-4977-a43d-09561cdd54ab___1415806d1442489743t-raging-red-rover-r3-my-mahindra-scorpio-s10-4x4-nudge-guard.jpg.jpeg,number_plate,,0.340399002,0.004878049,0.637157107,0.107317073,802,615,,,,,,,,,
http://com.dataturks.a96-i23.open.s3.amazonaws.com/2c9fafb0646e9cf9016473f1a561002a/7f768bfc-4c86-4fff-932d-c9871a82dce5___1431955d1446017445-number-plates-merchandise-canvas-ink-gurgaon-edit-closed-thumb_img_4422_1024.jpg.jpeg,number_plate,,0.325520833,0.494140625,0.634114583,0.5703125,768,1024,,,,,,,,,
http://com.dataturks.a96-i23.open.s3.amazonaws.com/2c9fafb0646e9cf9016473f1a561002a/422aaf6f-dd4a-450f-ac6b-65966ab512d0___1431956d1446017445-number-plates-merchandise-canvas-ink-gurgaon-edit-closed-thumb_img_4418_1024.jpg.jpeg,number_plate,,0.375,0.413085938,0.744791667,0.484375,768,1024,,,,,,,,,
http://com.dataturks.a96-i23.open.s3.amazonaws.com/2c9fafb0646e9cf9016473f1a561002a/d88b7b9c-a4f4-4af6-af3d-b3017e114e0d___146292-maruti-suzuki-wagon-r-stingray-vxi-ownership-review-dsc_01691.jpg.jpeg,number_plate,,0.27,0.548476454,0.718333333,0.770083102,600,361,,,,,,,,,
http://com.dataturks.a96-i23.open.s3.amazonaws.com/2c9fafb0646e9cf9016473f1a561002a/6578ae52-8431-4854-ba24-756888891756___1496414894_2017-maruti-suzuki-ciaz.jpg.jpeg,number_plate,,0.453525641,0.395555556,0.693910256,0.491111111,624,450,,,,,,,,,
http://com.dataturks.a96-i23.open.s3.amazonaws.com/2c9fafb0646e9cf9016473f1a561002a/6e772b68-a549-44e5-950e-4c376454c4e9___1557295d1474517501-toyota-innova-crysta-official-review-20160921_173216.jpg.jpeg,number_plate,,0.305,0.450617284,0.761666667,0.658436214,600,486,,,,,,,,,
http://com.dataturks.a96-i23.open.s3.amazonaws.com/2c9fafb0646e9cf9016473f1a561002a/b78553c7-977e-49a2-b3d2-42825d83c8b0___1557297d1474517501-toyota-innova-crysta-official-review-20160920_191445.jpg.jpeg,number_plate,,0.098,0.463659148,0.494,0.736842105,500,399,,,,,,,,,
http://com.dataturks.a96-i23.open.s3.amazonaws.com/2c9fafb0646e9cf9016473f1a561002a/9d4ee451-51fb-4cf8-b41b-4637b02633cc___1570766d1477459055-your-favourite-number-plate-font-1.jpg.jpeg,number_plate,,0.111654442,0.082608696,0.91198044,0.411594203,2656,1494,,,,,,,,,
http://com.dataturks.a96-i23.open.s3.amazonaws.com/2c9fafb0646e9cf9016473f1a561002a/0bf830ac-5659-434d-91b0-eb24dbdbc850___1570767d1477464646-your-favourite-number-plate-font-2.jpg.jpeg,number_plate,,0.075794621,0.047008547,0.934800326,0.368945869,1600,916,,,,,,,,,
http://com.dataturks.a96-i23.open.s3.amazonaws.com/2c9fafb0646e9cf9016473f1a561002a/a2f87691-b9f5-4274-ac5a-8764e9ba282c___1571669d1477648169-your-favourite-number-plate-font-13.jpg.jpeg,number_plate,,0.188264059,0.213751868,0.954360228,0.831091181,1512,825,,,,,,,,,
http://com.dataturks.a96-i23.open.s3.amazonaws.com/2c9fafb0646e9cf9016473f1a561002a/8dbb3ea7-8512-49e4-9ede-d4647e3b7dd2___158712081_5_1000x700_toyota-innova-v-2010-7seat-life-tax-kerala_rev001.jpg.jpeg,number_plate,,0.45,0.492882562,0.568,0.633451957,1000,562,,,,,,,,,
http://com.dataturks.a96-i23.open.s3.amazonaws.com/2c9fafb0646e9cf9016473f1a561002a/b5b41a4b-8913-4af6-9419-ac6398d266b0___161893107_2_1000x700_innava-with-fancy-number-upload-photos.jpg.jpeg,number_plate,,0.185245902,0.490721649,0.460655738,0.64742268,610,485,,,,,,,,,
http://com.dataturks.a96-i23.open.s3.amazonaws.com/2c9fafb0646e9cf9016473f1a561002a/2153dfcb-5968-4bfc-86ba-7ee8ec2d25b1___163231d1425035435-skoda-rapid-tdi-remapped-code-6-tuning-ind-front.jpg.jpeg,number_plate,,0.063013699,0.619893428,0.35890411,0.740674956,730,563,,,,,,,,,
http://com.dataturks.a96-i23.open.s3.amazonaws.com/2c9fafb0646e9cf9016473f1a561002a/6254bb73-d8a1-4f04-89a9-92caef98e233___1658240d1500548920-close-look-2017-skoda-octavia-facelift-hands-free-parking-front-bumper.jpg.jpeg,number_plate,,0.318663407,0.391411043,0.668296659,0.548466258,3720,2472,,,,,,,,,
http://com.dataturks.a96-i23.open.s3.amazonaws.com/2c9fafb0646e9cf9016473f1a561002a/7506a48d-2c70-4b12-b300-463754bc7837___165979d1427773878-new-volkswagen-vento-2016-launched-india-vw-vento-facelift-rear-india-spotted-test.jpg.jpeg,number_plate,,0.370588235,0.386196769,0.64,0.472834068,850,681,,,,,,,,,
http://com.dataturks.a96-i23.open.s3.amazonaws.com/2c9fafb0646e9cf9016473f1a561002a/1fbaa27e-1ca4-463b-84b4-9ea91b82f27e___166073d1427874044-mahindra-scorpio-2015-review-pictures-scorpio-sting-body-colour-aplique.jpg.jpeg,number_plate,,0.303125,0.4125,0.609375,0.579166667,320,240,,,,,,,,,
http://com.dataturks.a96-i23.open.s3.amazonaws.com/2c9fafb0646e9cf9016473f1a561002a/b266759c-f9e9-47c1-9042-4c7aef7d441d___1711769d1514801394t-toyota-innova-crysta-2-4-gx-ownership-review-edit-10-000-km-service-done-vs.jpg.jpeg,number_plate,,0.401315789,0.435483871,0.631578947,0.685483871,304,248,,,,,,,,,
http://com.dataturks.a96-i23.open.s3.amazonaws.com/2c9fafb0646e9cf9016473f1a561002a/8d491254-3c69-4f90-91dd-4eb86c7824c1___184786d1447444308-new-generation-mahindra-scorpio-s10-buying-ownership-review-wp_20151113_003.jpg.jpeg,number_plate,,0.486552567,0.528985507,0.559087205,0.571014493,1632,918,,,,,,,,,
http://com.dataturks.a96-i23.open.s3.amazonaws.com/2c9fafb0646e9cf9016473f1a561002a/4be1ff39-b2ad-45e0-9c9a-0e7215cbb5b6___2.jpg.jpeg,number_plate,,0.026666667,0.36,0.996666667,0.746666667,300,225,,,,,,,,,
http://com.dataturks.a96-i23.open.s3.amazonaws.com/2c9fafb0646e9cf9016473f1a561002a/12e26859-89e0-4c9b-9c59-ee793337464f___20.jpg.jpeg,number_plate,,0.221428571,0.392703863,0.45,0.551502146,700,466,,,,,,,,,
http://com.dataturks.a96-i23.open.s3.amazonaws.com/2c9fafb0646e9cf9016473f1a561002a/55aa4ee8-13fd-45bd-b83b-651ac665d71a___200560387_4_1000x700_2012-toyota-innova-diesel-130000-kms-cars.jpg.jpeg,number_plate,,0.299227799,0.493449782,0.654440154,0.650655022,518,458,,,,,,,,,
http://com.dataturks.a96-i23.open.s3.amazonaws.com/2c9fafb0646e9cf9016473f1a561002a/31847e78-6696-4dc2-be08-cb37d512c576___2010_Maruti_WagonR_Review.jpg.jpeg,number_plate,,0.052,0.640586797,0.328,0.804400978,500,409,,,,,,,,,
http://com.dataturks.a96-i23.open.s3.amazonaws.com/2c9fafb0646e9cf9016473f1a561002a/631031c0-98c5-4a8f-959e-ddf3c81cd6ae___20131127_145021.jpg.jpeg,number_plate,,0.052,0.062256809,0.97,0.992217899,500,257,,,,,,,,,
http://com.dataturks.a96-i23.open.s3.amazonaws.com/2c9fafb0646e9cf9016473f1a561002a/dd58e02d-51a5-4bfd-87af-ff51c576086e___2014-mahindra-scorpio-suv-10.jpg.jpeg,number_plate,,0.496666667,0.58,0.739166667,0.6625,1200,800,,,,,,,,,
http://com.dataturks.a96-i23.open.s3.amazonaws.com/2c9fafb0646e9cf9016473f1a561002a/a1928183-9ebe-40f0-9a84-500aecc61474___2014-Skoda-Superb-facelift-spied-in-India.jpg.jpeg,number_plate,,0.685185185,0.44591029,0.898989899,0.564643799,594,379,,,,,,,,,
http://com.dataturks.a96-i23.open.s3.amazonaws.com/2c9fafb0646e9cf9016473f1a561002a/03273806-bb1e-48da-8c8b-a0133a90197a___2014-Skoda-Yeti-Test-Drive.jpg.jpeg,number_plate,,0.307823129,0.586134454,0.644557823,0.737394958,588,476,,,,,,,,,
http://com.dataturks.a96-i23.open.s3.amazonaws.com/2c9fafb0646e9cf9016473f1a561002a/5b49ae32-c799-45e3-b139-9c56acf6370d___2014-Volkswagen-Polo-Review.jpg.jpeg,number_plate,,0.387695313,0.617302053,0.583984375,0.708211144,1024,682,,,,,,,,,
http://com.dataturks.a96-i23.open.s3.amazonaws.com/2c9fafb0646e9cf9016473f1a561002a/93b6319a-5886-48d8-8a69-07d586751553___2014-VW-Polo-facelift-first-drive-rear-number-plate.jpg.jpeg,number_plate,,0.244498778,0.343596059,0.879380603,0.626847291,1280,847,,,,,,,,,
http://com.dataturks.a96-i23.open.s3.amazonaws.com/2c9fafb0646e9cf9016473f1a561002a/e54fb93b-020f-4c55-b4db-86e17ba9b9e0___2014-VW-Polo-facelift-rear-spotted-testing-in-Pune-India.jpg.jpeg,number_plate,,0.337243402,0.532608696,0.607038123,0.654891304,341,368,,,,,,,,,
http://com.dataturks.a96-i23.open.s3.amazonaws.com/2c9fafb0646e9cf9016473f1a561002a/c06d4d42-591f-429e-92b4-20e701f89c14___2014-VW-Polo-facelift-spied-India-rear.jpg.jpeg,number_plate,,0.460416667,0.5515625,0.69375,0.61640625,960,1280,,,,,,,,,
http://com.dataturks.a96-i23.open.s3.amazonaws.com/2c9fafb0646e9cf9016473f1a561002a/0b24d6ed-d32f-420d-bc18-03deece29073___2015-Maruti-Ciaz-Test-Drive-Review.jpg.jpeg,number_plate,,0.610197368,0.668874172,0.822368421,0.864238411,608,302,,,,,,,,,
http://com.dataturks.a96-i23.open.s3.amazonaws.com/2c9fafb0646e9cf9016473f1a561002a/e4907f73-1fbc-412c-a766-9c81bb31449c___2016-Chevrolet-TrailBlazer-India-Test-Drive-Review-e1442832290349.jpg.jpeg,number_plate,,0.104477612,0.669724771,0.417910448,0.793577982,469,436,,,,,,,,,
http://com.dataturks.a96-i23.open.s3.amazonaws.com/2c9fafb0646e9cf9016473f1a561002a/d4bec046-caac-4e59-bd05-44de2232d83b___2017-Skoda-Octavia-Front.jpg.jpeg,number_plate,,0.52,0.561151079,0.8875,0.701438849,400,278,,,,,,,,,
http://com.dataturks.a96-i23.open.s3.amazonaws.com/2c9fafb0646e9cf9016473f1a561002a/6bf2730d-82bf-43ac-8802-b61315d85b96___2017-Skoda-Octavia-rear-high-revealed-for-India-images.jpg.jpeg,number_plate,,0.26,0.612299465,0.7025,0.770053476,400,374,,,,,,,,,
http://com.dataturks.a96-i23.open.s3.amazonaws.com/2c9fafb0646e9cf9016473f1a561002a/504e7c29-e1dc-48c9-ace6-738cf934e368___2017-skoda-octavia-rs-12.jpg.jpeg,number_plate,,0.562,0.698884758,0.886,0.881040892,500,269,,,,,,,,,
http://com.dataturks.a96-i23.open.s3.amazonaws.com/2c9fafb0646e9cf9016473f1a561002a/7cd80882-17d0-419b-9e50-760c34338038___2017-Volkswagen-Passat-Spotted-Pune.jpg.jpeg,number_plate,,0.373046875,0.485330073,0.509765625,0.540342298,1024,818,,,,,,,,,
http://com.dataturks.a96-i23.open.s3.amazonaws.com/2c9fafb0646e9cf9016473f1a561002a/18f2e55e-0724-4eee-a28e-5d552a5aa045___20455d0e2dca458f13fbf4da5a2dc118.jpg.jpeg,number_plate,,0.201360544,0.344045369,0.39047619,0.442344045,735,529,,number_plate,,0.636734694,0.279773157,0.869387755,0.52362949,735,529
http://com.dataturks.a96-i23.open.s3.amazonaws.com/2c9fafb0646e9cf9016473f1a561002a/23d775eb-842f-4f57-ad7a-affafa21660a___215453-new-2016-maruti-ertiga-granite-grey-zdi-shvs-highway-champion-img_8168.jpg.jpeg,number_plate,,0.168190128,0.465201465,0.550274223,0.673992674,547,546,,,,,,,,,
http://com.dataturks.a96-i23.open.s3.amazonaws.com/2c9fafb0646e9cf9016473f1a561002a/a9268f51-fbb4-42c2-b88c-f5ef9f8ead42___2266_7T4G0510.JPG.jpeg,number_plate,,0.294,0.5625,0.714,0.778846154,500,416,,,,,,,,,
http://com.dataturks.a96-i23.open.s3.amazonaws.com/2c9fafb0646e9cf9016473f1a561002a/cbd81ff4-fc2a-4cd5-bed6-0fef4c456caa___226616d1495986750-zoomcar-review-mahindra-scorpio-s4-09-pamban.jpg.jpeg,number_plate,,0.316218419,0.530434783,0.461287694,0.617391304,2432,1368,,,,,,,,,
http://com.dataturks.a96-i23.open.s3.amazonaws.com/2c9fafb0646e9cf9016473f1a561002a/e719f39b-e8dd-4fe0-9a41-71123932a486___226676869_4_1000x700_maruti-suzuki-wagon-r-duo-petrol-120000-kms-2007-year-cars_rev001.jpg.jpeg,number_plate,,0.297101449,0.483796296,0.702898551,0.604166667,414,432,,,,,,,,,
http://com.dataturks.a96-i23.open.s3.amazonaws.com/2c9fafb0646e9cf9016473f1a561002a/ea7090ee-ffa2-4812-9e7e-2098b1a538e6___23-500x500.jpg.jpeg,number_plate,,0.012,0.040816327,0.99,1,500,245,,,,,,,,,
http://com.dataturks.a96-i23.open.s3.amazonaws.com/2c9fafb0646e9cf9016473f1a561002a/712ecd95-753f-4d67-ae42-e8b5254e6e94___28iam53.jpg.jpeg,number_plate,,0.105105105,0.39,0.576576577,0.544,333,500,,,,,,,,,
http://com.dataturks.a96-i23.open.s3.amazonaws.com/2c9fafb0646e9cf9016473f1a561002a/6ed8b283-5cf5-4727-9969-c79f70f47e80___2-cars-same-numbers.jpg.jpeg,number_plate,,0.203278689,0.481751825,0.573770492,0.693430657,305,274,,,,,,,,,
http://com.dataturks.a96-i23.open.s3.amazonaws.com/2c9fafb0646e9cf9016473f1a561002a/e607d2c2-1c87-4188-be32-a96942816632___31-250x250.jpg.jpeg,number_plate,,0.076,0.134078212,0.996,0.932960894,250,179,,,,,,,,,
http://com.dataturks.a96-i23.open.s3.amazonaws.com/2c9fafb0646e9cf9016473f1a561002a/40204d5c-c847-4437-90db-3e2d05a27761___33.jpg.jpeg,number_plate,,0.184890656,0.300683371,0.719681909,0.646924829,503,439,,,,,,,,,
http://com.dataturks.a96-i23.open.s3.amazonaws.com/2c9fafb0646e9cf9016473f1a561002a/26d2b905-4055-41fe-a933-47db0e8a0a7f___37cba8c3f681f0cb5694f16a4c54aa7b.jpg.jpeg,number_plate,,0.080524345,0.59347181,0.213483146,0.786350148,534,337,,,,,,,,,
http://com.dataturks.a96-i23.open.s3.amazonaws.com/2c9fafb0646e9cf9016473f1a561002a/c03a7106-1fb9-471f-bbb0-2e8f4a29759a___38e7b1109eb976088e1df2f14ac4c08c.jpg.jpeg,number_plate,,0.123641304,0.612836439,0.286684783,0.712215321,736,483,,number_plate,,0.661684783,0.633540373,0.721467391,0.697722567,736,483
http://com.dataturks.a96-i23.open.s3.amazonaws.com/2c9fafb0646e9cf9016473f1a561002a/967ba4a0-eb8e-4734-aa09-c7143d0404b6___39720161008_150234.jpg.jpeg,number_plate,,0.311715481,0.516455696,0.679916318,0.660759494,478,395,,,,,,,,,
http://com.dataturks.a96-i23.open.s3.amazonaws.com/2c9fafb0646e9cf9016473f1a561002a/59a40238-6b01-4bb9-9faf-3b595e67bcb3___3d-font-number-plate-500x500.jpg.jpeg,number_plate,,0.365470852,0.758865248,0.683856502,0.925531915,446,282,,,,,,,,,
http://com.dataturks.a96-i23.open.s3.amazonaws.com/2c9fafb0646e9cf9016473f1a561002a/e53076d3-c3b7-47b8-8c63-30a08b8ad983___40213__Maruti_Suzuki_Swift--016.JPG.jpeg,number_plate,,0.282,0.710601719,0.686,0.893982808,500,349,,,,,,,,,
http://com.dataturks.a96-i23.open.s3.amazonaws.com/2c9fafb0646e9cf9016473f1a561002a/15e7c19f-da3c-4f0d-91f3-552afabc8961___41FxrEl7jHL.jpg.jpeg,number_plate,,0.276,0.30952381,0.762,0.738095238,500,252,,,,,,,,,
http://com.dataturks.a96-i23.open.s3.amazonaws.com/2c9fafb0646e9cf9016473f1a561002a/85bd88a0-ac9a-412e-ba44-2a29d209e212___4336_1466054535_9.jpg.jpeg,number_plate,,0.247692308,0.420689655,0.453846154,0.528735632,650,435,,,,,,,,,
http://com.dataturks.a96-i23.open.s3.amazonaws.com/2c9fafb0646e9cf9016473f1a561002a/e706cec0-783a-42bc-b934-64788481cd92___4-Innova-After-2.jpg.jpeg,number_plate,,0.318,0.438172043,0.686,0.607526882,500,372,,,,,,,,,
http://com.dataturks.a96-i23.open.s3.amazonaws.com/2c9fafb0646e9cf9016473f1a561002a/fac9f4e6-c4b9-4872-86da-79d58ea2adc5___5273.jpg.jpeg,number_plate,,0.688333333,0.427299703,0.866666667,0.551928783,600,337,,number_plate,,0.161666667,0.632047478,0.31,0.727002967,600,337
http://com.dataturks.a96-i23.open.s3.amazonaws.com/2c9fafb0646e9cf9016473f1a561002a/dfebb432-82cd-4154-b919-0d8be2c0d85a___5e4697c6f639f3f341b2feb170d72795af3fc998.jpg.jpeg,number_plate,,0.29,0.529100529,0.65,0.661375661,500,378,,,,,,,,,
http://com.dataturks.a96-i23.open.s3.amazonaws.com/2c9fafb0646e9cf9016473f1a561002a/b176b317-68a9-4c38-ac39-55e5244c9b9c___60653.jpg.jpeg,number_plate,,0.488673139,0.355987055,0.891046386,0.783171521,927,309,,,,,,,,,
http://com.dataturks.a96-i23.open.s3.amazonaws.com/2c9fafb0646e9cf9016473f1a561002a/581e2224-3640-4bad-9d90-c2076a9f64f4___617609.jpg.jpeg,number_plate,,0.340707965,0.50729927,0.659292035,0.708029197,452,274,,,,,,,,,
http://com.dataturks.a96-i23.open.s3.amazonaws.com/2c9fafb0646e9cf9016473f1a561002a/b15fe5a9-a8c3-498a-88d4-aee947949ae8___71927d1227088408-high-security-registration-plates-hsrp-india-dsc00161.jpg.jpeg,number_plate,,0.545898438,0.595052083,0.828125,0.704427083,1024,768,,,,,,,,,
http://com.dataturks.a96-i23.open.s3.amazonaws.com/2c9fafb0646e9cf9016473f1a561002a/3515f71d-cdd6-4050-ae68-7b7afd4c0a11___8.jpeg,number_plate,,0.146067416,0.395415473,0.797752809,0.716332378,445,349,,,,,,,,,
http://com.dataturks.a96-i23.open.s3.amazonaws.com/2c9fafb0646e9cf9016473f1a561002a/0369b20e-b432-4409-90f9-2420877aa386___8151536c79159a1557421da5f27f9f0e.jpg.jpeg,number_plate,,0.697916667,0.635416667,0.983333333,0.764583333,480,480,,,,,,,,,
http://com.dataturks.a96-i23.open.s3.amazonaws.com/2c9fafb0646e9cf9016473f1a561002a/6d69b523-72b7-4be9-a79f-428ef8148dcd___81auoS-H8eL._SX425_.jpg.jpeg,number_plate,,0.221176471,0.162068966,0.847058824,0.765517241,425,290,,,,,,,,,
http://com.dataturks.a96-i23.open.s3.amazonaws.com/2c9fafb0646e9cf9016473f1a561002a/dc8bb609-7086-431b-9c8b-9520975dabd2___822716205_6_1080x720_maruti-suzuki-ciaz-make-year-2014-petrol-.jpg.jpeg,number_plate,,0.4,0.46975089,0.688,0.637010676,500,281,,,,,,,,,
http://com.dataturks.a96-i23.open.s3.amazonaws.com/2c9fafb0646e9cf9016473f1a561002a/a2d49f53-4121-4627-b5d9-069f8b2f8490___840256171_1_1080x720_maruti-suzuki-wagon-r-vxi-with-abs-minor-2014-petrol-erode.jpg.jpeg,number_plate,,0.277628032,0.527777778,0.69541779,0.696969697,371,396,,,,,,,,,
http://com.dataturks.a96-i23.open.s3.amazonaws.com/2c9fafb0646e9cf9016473f1a561002a/10c96324-3452-43e2-aa68-c8ae7d3c1b6e___844874771_1_1080x720_maruti-suzuki-wagon-r-vxi-bs-iii-2014-petrol-.jpg.jpeg,number_plate,,0.292,0.512035011,0.728,0.693654267,500,457,,,,,,,,,
http://com.dataturks.a96-i23.open.s3.amazonaws.com/2c9fafb0646e9cf9016473f1a561002a/6f680368-4a15-464a-b314-7f9cd0f3db11___91852d1232463201-high-security-registration-plates-hsrp-india-num1.jpg.jpeg,number_plate,,0.453514739,0.509641873,0.816326531,0.724517906,441,363,,,,,,,,,
http://com.dataturks.a96-i23.open.s3.amazonaws.com/2c9fafb0646e9cf9016473f1a561002a/2af8ed43-b164-450f-983f-40166b36f4e8___96118762.JPG.jpeg,number_plate,,0.43602282,0.542787286,0.599837001,0.618581907,1800,1200,,,,,,,,,
http://com.dataturks.a96-i23.open.s3.amazonaws.com/2c9fafb0646e9cf9016473f1a561002a/171198e7-0780-4930-9acb-482f338f457f___96118768.JPG.jpeg,number_plate,,0.561532192,0.475550122,0.792176039,0.621026895,1800,1200,,,,,,,,,
http://com.dataturks.a96-i23.open.s3.amazonaws.com/2c9fafb0646e9cf9016473f1a561002a/e69f33fd-730a-46f3-9d99-edde32847161___995920d1349421647-cappuccino-beige-czech-tank-here-my-skoda-laura-2-0-elegance-mt-20121005_121433.jpg.jpeg,number_plate,,0.37000815,0.469565217,0.696821516,0.572826087,2285,1714,,,,,,,,,
http://com.dataturks.a96-i23.open.s3.amazonaws.com/2c9fafb0646e9cf9016473f1a561002a/1f0a7fe8-ac9b-4b54-9d55-e11f34f9f98b___9f6521b2ddb7b8e40ffd510966ffcca3.jpg.jpeg,number_plate,,0.67965368,0.35862069,0.831168831,0.510344828,462,290,,,,,,,,,
http://com.dataturks.a96-i23.open.s3.amazonaws.com/2c9fafb0646e9cf9016473f1a561002a/11ad2f1a-4cbd-4176-a4f5-3be001ec95a3___a4auto.com5140_.jpg.jpeg,number_plate,,0.606,0.512455516,0.782,0.629893238,1000,562,,,,,,,,,
http://com.dataturks.a96-i23.open.s3.amazonaws.com/2c9fafb0646e9cf9016473f1a561002a/50dfc8ce-e3e0-4856-aeba-2dcdf0fc2bec___Alto-Eco-India-rear-2.jpg.jpeg,number_plate,,0.342403628,0.784922395,0.68707483,0.944567627,441,451,,,,,,,,,
http://com.dataturks.a96-i23.open.s3.amazonaws.com/2c9fafb0646e9cf9016473f1a561002a/c8a79e91-8c48-42d0-9b80-137fd033493c___automakers-number-plates-nitin-gadkari_827x510_61522653557.jpg.jpeg,number_plate,,0.153846154,0.614754098,0.453580902,0.844262295,377,244,,,,,,,,,
http://com.dataturks.a96-i23.open.s3.amazonaws.com/2c9fafb0646e9cf9016473f1a561002a/59e121dc-ebc6-4e4c-ba88-7fe04b569218___Autopsyches-Skoda-Laura-6.jpg.jpeg,number_plate,,0.397297297,0.432653061,0.612162162,0.53877551,740,490,,,,,,,,,
http://com.dataturks.a96-i23.open.s3.amazonaws.com/2c9fafb0646e9cf9016473f1a561002a/d0be15f3-4b3e-42f6-88d5-2a7fe4360dbe___Baleno-Number-Plates-Design.jpg.jpeg,number_plate,,0.314911366,0.437956204,0.699687174,0.556830031,959,959,,,,,,,,,
http://com.dataturks.a96-i23.open.s3.amazonaws.com/2c9fafb0646e9cf9016473f1a561002a/8e0b8c6f-850f-4918-983a-7fa110368d32___banner_4.png,number_plate,,0.35,0.551428571,0.663333333,0.765714286,900,350,,,,,,,,,
http://com.dataturks.a96-i23.open.s3.amazonaws.com/2c9fafb0646e9cf9016473f1a561002a/2302b12c-3d74-4d6c-b376-ba8ab308a8c3___big_215451_1320738450.jpg.jpeg,number_plate,,0.351428571,0.596938776,0.631428571,0.867346939,350,196,,,,,,,,,
http://com.dataturks.a96-i23.open.s3.amazonaws.com/2c9fafb0646e9cf9016473f1a561002a/f3d775e6-d7b3-4af0-91bd-8550b3bc177f___bike-ind-number-plates-color-black-250x250.jpg.jpeg,number_plate,,0.10483871,0.361581921,0.862903226,0.836158192,248,177,,number_plate,,0.048387097,0.096045198,1,0.271186441,248,177
http://com.dataturks.a96-i23.open.s3.amazonaws.com/2c9fafb0646e9cf9016473f1a561002a/351a22eb-bf0a-44d6-8b6d-5ffca753c261___bike-number-plate-500x500.jpg.jpeg,number_plate,,0.202,0.402061856,0.516,0.656357388,500,291,,,,,,,,,
http://com.dataturks.a96-i23.open.s3.amazonaws.com/2c9fafb0646e9cf9016473f1a561002a/60bd391b-484a-46e6-9032-c995f48eaf25___bike-number-plates-german-font-color-black-250x250.jpg.jpeg,number_plate,,0.116935484,0.299435028,0.919354839,0.915254237,248,177,,,,,,,,,
http://com.dataturks.a96-i23.open.s3.amazonaws.com/2c9fafb0646e9cf9016473f1a561002a/952e41c5-b741-4cfa-90cb-0961b7edf809___bike-number-plates-german-font-color-blue-250x250.jpg.jpeg,number_plate,,0.084677419,0.316384181,0.915322581,0.870056497,248,177,,,,,,,,,
http://com.dataturks.a96-i23.open.s3.amazonaws.com/2c9fafb0646e9cf9016473f1a561002a/e3f5fe39-d157-49fa-a0c9-b96ca1234a64___bike-scooter-number-plate-frame-rear-500x500.jpg.jpeg,number_plate,,0.256,0.262411348,0.722,0.716312057,500,282,,,,,,,,,
http://com.dataturks.a96-i23.open.s3.amazonaws.com/2c9fafb0646e9cf9016473f1a561002a/67c26428-55c5-4cc2-b556-6f4f61134d51___car-number-plate-india-peenya-1st-stage-bangalore-number-plate-manufacturers-56c3b.jpg.jpeg,number_plate,,0.115729421,0.098253275,0.903830481,0.370087336,2592,1936,,,,,,,,,
http://com.dataturks.a96-i23.open.s3.amazonaws.com/2c9fafb0646e9cf9016473f1a561002a/4bf56b2a-a0e7-4769-bafb-8c73f2d5600d___DC-Design-Polo-Cover.png,number_plate,,0.477272727,0.571428571,0.695454545,0.686335404,660,322,,,,,,,,,
http://com.dataturks.a96-i23.open.s3.amazonaws.com/2c9fafb0646e9cf9016473f1a561002a/2e23964b-ce59-4bcf-8c35-98f3a096a748___design-ind-number-plates-vijayanagar-bangalore-number-plate-dealers-2etqybj.jpg.jpeg,number_plate,,0.016,0.190391459,0.929333333,0.711743772,750,562,,,,,,,,,
http://com.dataturks.a96-i23.open.s3.amazonaws.com/2c9fafb0646e9cf9016473f1a561002a/88294212-f11c-46a7-a91a-04c9da19efa6___DSC_8221-L.jpg.jpeg,number_plate,,0.348484848,0.425,0.495454545,0.565909091,660,440,,,,,,,,,
http://com.dataturks.a96-i23.open.s3.amazonaws.com/2c9fafb0646e9cf9016473f1a561002a/d44f95e3-47df-415f-9359-cd2f1f27ad86___eecitmw.gif,number_plate,,0.111428571,0.170506912,0.902857143,0.875576037,350,217,,,,,,,,,
http://com.dataturks.a96-i23.open.s3.amazonaws.com/2c9fafb0646e9cf9016473f1a561002a/747e99a2-540a-4c35-b7fd-3889d6d391f1___fancy_light__bike_number_plate.jpg.jpeg,number_plate,,0.062700965,0.102902375,0.911575563,0.897097625,622,379,,,,,,,,,
http://com.dataturks.a96-i23.open.s3.amazonaws.com/2c9fafb0646e9cf9016473f1a561002a/125b5cda-9691-47aa-8e57-f6d8a8537d83___fancy_number_plates_in_india.jpg.jpeg,number_plate,,0.084337349,0.261980831,0.827309237,0.594249201,498,313,,,,,,,,,
http://com.dataturks.a96-i23.open.s3.amazonaws.com/2c9fafb0646e9cf9016473f1a561002a/4d07a3ac-d373-4d27-9335-a3d32d19afcf___Funny-Bike-Number-Plate-AK56.jpg.jpeg,number_plate,,0.046666667,0.283333333,0.915555556,0.665,450,600,,,,,,,,,
http://com.dataturks.a96-i23.open.s3.amazonaws.com/2c9fafb0646e9cf9016473f1a561002a/5181fd64-3d1b-414d-b405-acb4c535c944___FZ163.jpg.jpeg,number_plate,,0.06625,0.296666667,0.92875,0.541666667,800,600,,,,,,,,,
http://com.dataturks.a96-i23.open.s3.amazonaws.com/2c9fafb0646e9cf9016473f1a561002a/39341d5e-4388-4c44-9faa-5173328eaa10___german-number-plate-punching-clapper-dies-supplier-500x500.jpg.jpeg,number_plate,,0.044,0.133333333,0.998,0.965333333,500,375,,,,,,,,,
http://com.dataturks.a96-i23.open.s3.amazonaws.com/2c9fafb0646e9cf9016473f1a561002a/c1d91c5e-128b-41d4-9f9d-ebfbef98b597___High_security_n15816.jpg.jpeg,number_plate,,0.028070175,0.3025,0.842105263,0.71,570,400,,,,,,,,,
http://com.dataturks.a96-i23.open.s3.amazonaws.com/2c9fafb0646e9cf9016473f1a561002a/f8a992cc-a1cc-4d68-88c1-bec1a46fc148___Honda-City-Number-Plates-Design.jpg.jpeg,number_plate,,0.333931777,0.673076923,0.685816876,0.803846154,557,520,,,,,,,,,
http://com.dataturks.a96-i23.open.s3.amazonaws.com/2c9fafb0646e9cf9016473f1a561002a/fcabfaf7-160a-44bc-a543-9faee4c1c4cd___Honda-Jazz-Front-Number-Plates-Designs.jpg.jpeg,number_plate,,0.08,0.164444444,0.998333333,0.417777778,600,450,,,,,,,,,
http://com.dataturks.a96-i23.open.s3.amazonaws.com/2c9fafb0646e9cf9016473f1a561002a/7070d6ac-5425-4d33-a78e-a48c62d0fac5___Honda-Jazz-Number-Plate-Designs.jpg.jpeg,number_plate,,0.191666667,0.28,0.87,0.724444444,600,450,,,,,,,,,
http://com.dataturks.a96-i23.open.s3.amazonaws.com/2c9fafb0646e9cf9016473f1a561002a/e7a86597-7251-4e9b-9469-cd873fe6736f___Honda-Jazz-Number-Plates-Designs.jpg.jpeg,number_plate,,0.268333333,0.257777778,0.721666667,0.553333333,600,450,,,,,,,,,
http://com.dataturks.a96-i23.open.s3.amazonaws.com/2c9fafb0646e9cf9016473f1a561002a/074d85b8-42ec-4d17-9b8e-9e51ae060243___hqdefault.jpg.jpeg,number_plate,,0.25625,0.366666667,0.679166667,0.672222222,480,360,,,,,,,,,
http://com.dataturks.a96-i23.open.s3.amazonaws.com/2c9fafb0646e9cf9016473f1a561002a/bcdc8b42-5dd4-48e2-8104-706440524bfe___hqdefault0.jpg.jpeg,number_plate,,0.027083333,0.177777778,0.98125,0.447222222,480,360,,,,,,,,,
http://com.dataturks.a96-i23.open.s3.amazonaws.com/2c9fafb0646e9cf9016473f1a561002a/22dc6b5f-ff5d-4bb4-beb2-0f5fd9e75787___i10_Latest_Acrylic_Number_Plate.jpg.jpeg,number_plate,,0.274193548,0.536585366,0.760080645,0.766550523,496,287,,,,,,,,,
http://com.dataturks.a96-i23.open.s3.amazonaws.com/2c9fafb0646e9cf9016473f1a561002a/fe226788-616e-4c5c-8b3c-99dc7e7265cd___images5-500x500.jpg.jpeg,number_plate,,0.060948081,0.111445783,0.968397291,0.391566265,443,332,,number_plate,,0.022573363,0.463855422,1,0.807228916,443,332
http://com.dataturks.a96-i23.open.s3.amazonaws.com/2c9fafb0646e9cf9016473f1a561002a/a970d6e0-5948-4412-a1ec-67c5240722a8___images-gallery-misc4-250x250.jpg.jpeg,number_plate,,0.024,0.198795181,0.88,0.746987952,250,166,,,,,,,,,
http://com.dataturks.a96-i23.open.s3.amazonaws.com/2c9fafb0646e9cf9016473f1a561002a/bff789cd-2d58-4399-a55e-33be55f313e3___IMG_0472.jpg.jpeg,number_plate,,0.381428571,0.613333333,0.712857143,0.782857143,700,525,,,,,,,,,
http://com.dataturks.a96-i23.open.s3.amazonaws.com/2c9fafb0646e9cf9016473f1a561002a/a95a0d9d-5d40-4abb-bd3e-6c6d94bef5b1___IMG_3310.jpg.jpeg,number_plate,,0.3375,0.393333333,0.8,0.656666667,400,300,,,,,,,,,
http://com.dataturks.a96-i23.open.s3.amazonaws.com/2c9fafb0646e9cf9016473f1a561002a/0c9ebe94-827d-4c74-9950-6816e70d1bab___IMG_8883.jpg.jpeg,number_plate,,0.334,0.3003003,0.7,0.492492492,500,333,,,,,,,,,
http://com.dataturks.a96-i23.open.s3.amazonaws.com/2c9fafb0646e9cf9016473f1a561002a/e1d7921f-5e58-46c7-b4f9-9fd4585508f1___IMG_9072.jpg.jpeg,number_plate,,0.6921875,0.459459459,0.9984375,0.625225225,640,555,,number_plate,,0.046875,0.545945946,0.190625,0.592792793,640,555
http://com.dataturks.a96-i23.open.s3.amazonaws.com/2c9fafb0646e9cf9016473f1a561002a/dfafd4ef-5592-41d9-9cbb-fa6a4e03831e___IMG_9082.jpg.jpeg,number_plate,,0.314754098,0.162721893,0.996721311,0.618343195,610,338,,,,,,,,,
http://com.dataturks.a96-i23.open.s3.amazonaws.com/2c9fafb0646e9cf9016473f1a561002a/6f78077e-a3a1-4fb9-89ba-5870d75ccdb8___Innova_Crysta_Car_Euro_number_Plates.jpg.jpeg,number_plate,,0.312,0.320261438,0.598,0.503267974,500,306,,,,,,,,,
http://com.dataturks.a96-i23.open.s3.amazonaws.com/2c9fafb0646e9cf9016473f1a561002a/b4eb91cd-3e77-40c2-bbe6-13d42f2ea4ba___INNOVA_Euro_Number_Plates.jpg.jpeg,number_plate,,0.276,0.391428571,0.756,0.594285714,500,350,,,,,,,,,
http://com.dataturks.a96-i23.open.s3.amazonaws.com/2c9fafb0646e9cf9016473f1a561002a/d48a0a29-8f29-4ced-b395-4c959aec7722___kejriwal.jpg.jpeg,number_plate,,0.028,0.09352518,0.998,0.834532374,500,139,,,,,,,,,
http://com.dataturks.a96-i23.open.s3.amazonaws.com/2c9fafb0646e9cf9016473f1a561002a/8c4371ee-a997-4b21-82c4-cb5e767c4d06___kia-sorento-spied-in-India.jpg.jpeg,number_plate,,0.343939394,0.414351852,0.578787879,0.527777778,660,432,,,,,,,,,
http://com.dataturks.a96-i23.open.s3.amazonaws.com/2c9fafb0646e9cf9016473f1a561002a/bd742e42-bacc-430e-b9aa-9df666f5d9b3___kicker-647_010517112446.jpg.jpeg,number_plate,,0.301391036,0.487623762,0.471406491,0.636138614,647,404,,,,,,,,,
http://com.dataturks.a96-i23.open.s3.amazonaws.com/2c9fafb0646e9cf9016473f1a561002a/07064c2c-2aa3-4419-91a4-92916de8e54c___mahindra-scorpio-old-car-500x500.jpg.jpeg,number_plate,,0.408,0.648192771,0.714,0.913253012,500,415,,,,,,,,,
http://com.dataturks.a96-i23.open.s3.amazonaws.com/2c9fafb0646e9cf9016473f1a561002a/af36405d-be93-4c8c-b1b2-5a0832535eeb___main-qimg-4caf07f4dfd9e2a2d279ddd54fb91986-c.jpg.jpeg,number_plate,,0.177740864,0.451327434,0.42358804,0.607669617,602,339,,,,,,,,,
http://com.dataturks.a96-i23.open.s3.amazonaws.com/2c9fafb0646e9cf9016473f1a561002a/2424211e-e6ba-4478-8ed1-6a04e25499c7___main-qimg-7673aeac86d0ef987deb837552c5dd4c-1.png,number_plate,,0.212624585,0.762162162,0.509966777,0.867567568,602,370,,,,,,,,,
http://com.dataturks.a96-i23.open.s3.amazonaws.com/2c9fafb0646e9cf9016473f1a561002a/c2feb2b7-fbb3-4e1e-ad48-cc8112a1ab3f___Maruti_R3_On_Test.jpg.jpeg,number_plate,,0.31,0.605421687,0.656,0.825301205,500,332,,,,,,,,,
http://com.dataturks.a96-i23.open.s3.amazonaws.com/2c9fafb0646e9cf9016473f1a561002a/175ff546-0679-4cbb-ab03-acfcd96877b7___Maruti_Wagon_R_Rear.jpg.jpeg,number_plate,,0.30703259,0.582222222,0.677530017,0.748888889,583,450,,,,,,,,,
http://com.dataturks.a96-i23.open.s3.amazonaws.com/2c9fafb0646e9cf9016473f1a561002a/41de2ad0-3785-488e-9f1f-75b76f446cc7___Maruti-Alto-K10-Photos-2.jpg.jpeg,number_plate,,0.282222222,0.695443645,0.686666667,0.877697842,450,417,,,,,,,,,
http://com.dataturks.a96-i23.open.s3.amazonaws.com/2c9fafb0646e9cf9016473f1a561002a/e204c50d-b861-4f68-827f-575351d150b4___Maruti-Baleno-RS-4.jpg.jpeg,number_plate,,0.047524752,0.603498542,0.293069307,0.737609329,505,343,,,,,,,,,
http://com.dataturks.a96-i23.open.s3.amazonaws.com/2c9fafb0646e9cf9016473f1a561002a/d9023f53-f90d-4b98-bd52-30796777ddcf___Maruti-Suzuki-Baleno-hatchback-56545.jpg.jpeg,number_plate,,0.560411311,0.576779026,0.809768638,0.696629213,389,267,,,,,,,,,
http://com.dataturks.a96-i23.open.s3.amazonaws.com/2c9fafb0646e9cf9016473f1a561002a/fd0140cc-e887-43b8-a439-24877ea77670___Maruti-Suzuki-Baleno-Number-Plates-Design.jpg.jpeg,number_plate,,0.292,0.489051095,0.79,0.715328467,500,274,,,,,,,,,
http://com.dataturks.a96-i23.open.s3.amazonaws.com/2c9fafb0646e9cf9016473f1a561002a/13ffaad4-a186-46bd-ae5d-924d1c8d7c50___maruti-suzuki-Baleno-RS-pics-48.jpg.jpeg,number_plate,,0.7975,0.694845361,0.93625,0.797938144,800,485,,,,,,,,,
http://com.dataturks.a96-i23.open.s3.amazonaws.com/2c9fafb0646e9cf9016473f1a561002a/fb939bb1-5257-4879-bafb-539472ffb73d___Maruti-Suzuki-Brezza-Number-Plates-Design.jpg.jpeg,number_plate,,0.367768595,0.449561404,0.723140496,0.600877193,484,456,,,,,,,,,
http://com.dataturks.a96-i23.open.s3.amazonaws.com/2c9fafb0646e9cf9016473f1a561002a/ec4bde57-11dd-4d59-96ae-b5d3b28afda5___Maruti-Suzuki-Celerio-Back-Number-Plates-Design.jpg.jpeg,number_plate,,0.22,0.492021277,0.876,0.739361702,500,376,,,,,,,,,
http://com.dataturks.a96-i23.open.s3.amazonaws.com/2c9fafb0646e9cf9016473f1a561002a/b78259be-7ef5-4499-b9a2-2b8a37660e8b___Maruti-Suzuki-Celerio-Front-Number-Plates-Design.jpg.jpeg,number_plate,,0.329166667,0.384722222,0.74375,0.536111111,960,720,,,,,,,,,
http://com.dataturks.a96-i23.open.s3.amazonaws.com/2c9fafb0646e9cf9016473f1a561002a/49bdf0d9-4e64-41eb-9c19-eabdc4afb051___Maruti-Suzuki-Ciaz-Photos-30.JPG.jpeg,number_plate,,0.315,0.385756677,0.595,0.540059347,600,337,,,,,,,,,
http://com.dataturks.a96-i23.open.s3.amazonaws.com/2c9fafb0646e9cf9016473f1a561002a/377b225b-e978-4e7c-8e5e-f10d8effc336___Maruti-Suzuki-Ignis-Rear-view-94486.jpg.jpeg,number_plate,,0.27,0.673590504,0.52,0.81305638,600,337,,,,,,,,,
http://com.dataturks.a96-i23.open.s3.amazonaws.com/2c9fafb0646e9cf9016473f1a561002a/ed6ee171-691a-4563-a79d-4f47d8ce9f85___Maruti-Suzuki-SCross-Exterior-80675.jpg.jpeg,number_plate,,0.191666667,0.765578635,0.691666667,0.988130564,600,337,,,,,,,,,
http://com.dataturks.a96-i23.open.s3.amazonaws.com/2c9fafb0646e9cf9016473f1a561002a/1438b735-2d21-4879-8ed4-e5fa086e70c8___Maruti-Suzuki-Swift-Dzire-1.jpg.jpeg,number_plate,,0.353754941,0.651105651,0.679841897,0.788697789,506,407,,,,,,,,,
http://com.dataturks.a96-i23.open.s3.amazonaws.com/2c9fafb0646e9cf9016473f1a561002a/5747d3e8-4dd0-435f-942d-34b84f03344c___Maruti-Suzuki-Swift-Number-Plates-Design.jpg.jpeg,number_plate,,0.278,0.560465116,0.684,0.730232558,500,430,,,,,,,,,
http://com.dataturks.a96-i23.open.s3.amazonaws.com/2c9fafb0646e9cf9016473f1a561002a/e29b6eea-504a-4da2-8503-5bd3443f3bd8___maruti-suzuki-wagon-r-front-left-rim.jpg.jpeg,number_plate,,0.271428571,0.487309645,0.571428571,0.715736041,350,197,,,,,,,,,
http://com.dataturks.a96-i23.open.s3.amazonaws.com/2c9fafb0646e9cf9016473f1a561002a/ed9cd3b2-76a2-4cc8-9e4e-76d50ad1ff68___maruti-suzuki-wagon-r-hood-open-view.jpg.jpeg,number_plate,,0.342857143,0.565310493,0.657142857,0.640256959,350,467,,,,,,,,,
http://com.dataturks.a96-i23.open.s3.amazonaws.com/2c9fafb0646e9cf9016473f1a561002a/5a4780bf-d2af-4f19-a36b-65004cd06b3d___maruti-suzuki-wagon-r-rear-left-rim.jpg.jpeg,number_plate,,0.26,0.524714829,0.508571429,0.646387833,350,263,,,,,,,,,
http://com.dataturks.a96-i23.open.s3.amazonaws.com/2c9fafb0646e9cf9016473f1a561002a/bbf22d00-3dd6-4338-b701-264e0c0c0aff___Maruti-Swift-DZire-Photos-1.jpg.jpeg,number_plate,,0.301184433,0.455114823,0.675126904,0.620041754,591,479,,,,,,,,,
http://com.dataturks.a96-i23.open.s3.amazonaws.com/2c9fafb0646e9cf9016473f1a561002a/20dd73fd-9e05-4bdc-b380-d8148b194ae7___Maruti-Swift-Number-Plates-Design.jpg.jpeg,number_plate,,0.328125,0.388888889,0.914583333,0.545833333,960,720,,,,,,,,,
http://com.dataturks.a96-i23.open.s3.amazonaws.com/2c9fafb0646e9cf9016473f1a561002a/3febea0e-53c0-4b30-880c-3061458b93ce___Maruti-Vitara-Brezza-rear-end-full-review.jpg.jpeg,number_plate,,0.505714286,0.45823389,0.837142857,0.687350835,700,419,,,,,,,,,
http://com.dataturks.a96-i23.open.s3.amazonaws.com/2c9fafb0646e9cf9016473f1a561002a/8ce02eb0-8924-4dbc-96f6-acadf6f9a618___maxresdefault0.jpg.jpeg,number_plate,,0.162790698,0.400630915,0.751937984,0.706624606,387,317,,,,,,,,,
http://com.dataturks.a96-i23.open.s3.amazonaws.com/2c9fafb0646e9cf9016473f1a561002a/f685e6cf-3a12-42ac-94d7-28cdf129b266___maxresdefault1.jpg.jpeg,number_plate,,0.166,0.063314711,0.738,0.899441341,500,537,,,,,,,,,
http://com.dataturks.a96-i23.open.s3.amazonaws.com/2c9fafb0646e9cf9016473f1a561002a/e663fa35-ce3c-401d-8451-30edd236b3e4___maxresdefault2.jpg.jpeg,number_plate,,0.285248574,0.34057971,0.606356968,0.665217391,1280,720,,,,,,,,,
http://com.dataturks.a96-i23.open.s3.amazonaws.com/2c9fafb0646e9cf9016473f1a561002a/db4f467d-2d9e-4567-ab68-fce4a8689562___maxresdefault7.jpg.jpeg,number_plate,,0.529747351,0.569565217,0.662591687,0.627536232,1920,1080,,,,,,,,,
http://com.dataturks.a96-i23.open.s3.amazonaws.com/2c9fafb0646e9cf9016473f1a561002a/4e56220b-186d-46d2-8df9-bcde299c8732___motorcycle-number-plates-2583.jpg.jpeg,number_plate,,0.454385965,0.481981982,0.571929825,0.592342342,570,444,,,,,,,,,
http://com.dataturks.a96-i23.open.s3.amazonaws.com/2c9fafb0646e9cf9016473f1a561002a/c02b3989-8334-4cf7-b69c-bcd177e209d4___mqdefault.jpg.jpeg,number_plate,,0.26875,0.1,0.746875,0.322222222,320,180,,,,,,,,,
http://com.dataturks.a96-i23.open.s3.amazonaws.com/2c9fafb0646e9cf9016473f1a561002a/5cbd7465-ad12-4e6b-8eaf-d7056c3852f8___New-2018-Maruti-Suzuki-Swift-radiator-grille-600x398.jpg.jpeg,number_plate,,0.568333333,0.575376884,0.85,0.788944724,600,398,,,,,,,,,
http://com.dataturks.a96-i23.open.s3.amazonaws.com/2c9fafb0646e9cf9016473f1a561002a/c30a1535-9d8f-465e-a7f4-aa726f19f0b1___new-maruti-alto-k10-2_625x300_41414071192.jpg.jpeg,number_plate,,0.358461538,0.752535497,0.656923077,0.872210953,650,493,,,,,,,,,
http://com.dataturks.a96-i23.open.s3.amazonaws.com/2c9fafb0646e9cf9016473f1a561002a/d86f0bbc-91f6-4af9-9956-c305f98e515b___Number_plate_650.jpg.jpeg,number_plate,,0.176923077,0.4325,0.489230769,0.6,650,400,,,,,,,,,
http://com.dataturks.a96-i23.open.s3.amazonaws.com/2c9fafb0646e9cf9016473f1a561002a/f2169fa5-fd71-4ba9-a2dc-e612784ec853___number2Bplate2Bdesigns2Bindia.jpg.jpeg,number_plate,,0.05625,0.188888889,1,0.877777778,320,180,,,,,,,,,
http://com.dataturks.a96-i23.open.s3.amazonaws.com/2c9fafb0646e9cf9016473f1a561002a/4f86fbad-3a04-4c11-a8fa-e897727fc2c7___Number-plate-1.jpg.jpeg,number_plate,,0.443076923,0.526223776,0.898461538,0.699300699,650,572,,,,,,,,,
http://com.dataturks.a96-i23.open.s3.amazonaws.com/2c9fafb0646e9cf9016473f1a561002a/93b6ca4e-17cc-4b12-b7f5-66fb37c6107c___number-plate-factory-fitted1.jpg.jpeg,number_plate,,0.341121495,0.419642857,0.676012461,0.586309524,642,336,,,,,,,,,
http://com.dataturks.a96-i23.open.s3.amazonaws.com/2c9fafb0646e9cf9016473f1a561002a/304b14b8-dc3c-41cb-94b6-635864e2e964___number-plate-protector-car-safeplate-250x250.jpg.jpeg,number_plate,,0.048,0.264,0.996,0.796,250,250,,,,,,,,,
http://com.dataturks.a96-i23.open.s3.amazonaws.com/2c9fafb0646e9cf9016473f1a561002a/206c95ff-83b8-4273-b105-6637bf9a3038___numerix-number-plates-thodupuzha-idukki-number-plate-dealers-1lhwiga.jpg.jpeg,number_plate,,0.27791361,0.294565217,0.872860636,0.719565217,2000,1500,,,,,,,,,
http://com.dataturks.a96-i23.open.s3.amazonaws.com/2c9fafb0646e9cf9016473f1a561002a/ee7cffcb-cedd-444f-9d3b-42372ba30073___pimlico-plumbers-van-with-personalised-number-plate-london-B8MJAT.jpg.jpeg,number_plate,,0.304808476,0.729357798,0.615321923,0.847477064,1300,924,,,,,,,,,
http://com.dataturks.a96-i23.open.s3.amazonaws.com/2c9fafb0646e9cf9016473f1a561002a/97285917-354c-4ea7-9c71-a818f1f640cf___product-500x500.jpeg,number_plate,,0.032,0.051612903,0.99,0.864516129,500,155,,,,,,,,,
http://com.dataturks.a96-i23.open.s3.amazonaws.com/2c9fafb0646e9cf9016473f1a561002a/d779f6f0-5731-48ed-bd43-836a3f7f2013___product-500x5000.jpeg,number_plate,,0.442,0.455223881,0.862,0.686567164,500,268,,,,,,,,,
http://com.dataturks.a96-i23.open.s3.amazonaws.com/2c9fafb0646e9cf9016473f1a561002a/62b58053-425c-4924-b129-c4a6580f3562___product-500x5001.jpeg,number_plate,,0.418,0.354700855,0.896,0.683760684,500,234,,,,,,,,,
http://com.dataturks.a96-i23.open.s3.amazonaws.com/2c9fafb0646e9cf9016473f1a561002a/8857d8b4-0f39-4f1b-ab31-48a1dc2db726___Pulsar-200-NS-Number-Plate.jpg.jpeg,number_plate,,0.264413519,0.44040404,0.970178926,0.856565657,503,495,,,,,,,,,
http://com.dataturks.a96-i23.open.s3.amazonaws.com/2c9fafb0646e9cf9016473f1a561002a/e354039f-d73c-4f12-9df5-f0129345fa79___scorpio.JPG.jpeg,number_plate,,0.325,0.603333333,0.6575,0.75,400,300,,number_plate,,0.0225,0.78,0.1125,0.873333333,400,300
http://com.dataturks.a96-i23.open.s3.amazonaws.com/2c9fafb0646e9cf9016473f1a561002a/165eaa92-8e90-44e6-b132-8af462bae0c9___scorpio-rear.JPG.jpeg,number_plate,,0.09,0.41,0.275,0.55,400,300,,,,,,,,,
http://com.dataturks.a96-i23.open.s3.amazonaws.com/2c9fafb0646e9cf9016473f1a561002a/854d6a27-373f-450e-a6c9-0ade9c82c456___scorpio-stretch-seized_1451386843.jpg.jpeg,number_plate,,0.331034483,0.644607843,0.44,0.789215686,725,408,,,,,,,,,
http://com.dataturks.a96-i23.open.s3.amazonaws.com/2c9fafb0646e9cf9016473f1a561002a/c41652d9-19ae-4a7d-8423-230340ac30bc___Skoda_Laura_DSG_Long_Term_Review-125.jpg.jpeg,number_plate,,0.379882813,0.656934307,0.5859375,0.743065693,1024,685,,,,,,,,,
http://com.dataturks.a96-i23.open.s3.amazonaws.com/2c9fafb0646e9cf9016473f1a561002a/d1301d79-7b27-479a-8c83-ed13fb848344___Skoda-1-insights-696x388.jpg.jpeg,number_plate,,0.314655172,0.337628866,0.701149425,0.50257732,696,388,,,,,,,,,
http://com.dataturks.a96-i23.open.s3.amazonaws.com/2c9fafb0646e9cf9016473f1a561002a/7616cb19-df24-4d29-b679-5252391a547f___Skoda-Laura-rear.jpg.jpeg,number_plate,,0.35625,0.472795497,0.62125,0.600375235,800,533,,,,,,,,,
http://com.dataturks.a96-i23.open.s3.amazonaws.com/2c9fafb0646e9cf9016473f1a561002a/f7621229-eebc-4dff-aef8-e79fac571be4___Skoda-Octavia-5.jpg.jpeg,number_plate,,0.312286689,0.616314199,0.435153584,0.703927492,586,331,,,,,,,,,
http://com.dataturks.a96-i23.open.s3.amazonaws.com/2c9fafb0646e9cf9016473f1a561002a/a285cdf6-4640-41ee-b3f3-b721f334466f___Skoda-Octavia-RS-launched-in-India-3.jpg.jpeg,number_plate,,0.338,0.755813953,0.716,0.86627907,500,344,,,,,,,,,
http://com.dataturks.a96-i23.open.s3.amazonaws.com/2c9fafb0646e9cf9016473f1a561002a/af270103-6ed4-4260-9d01-b8be2e2b9af1___skoda-rapid-1.5-tdi-dsg-review.jpg.jpeg,number_plate,,0.2,0.546125461,0.518,0.767527675,500,271,,,,,,,,,
http://com.dataturks.a96-i23.open.s3.amazonaws.com/2c9fafb0646e9cf9016473f1a561002a/ef2dc97f-bc6d-49a3-9ddb-03f54f3a20e7___Skoda-Rapid-new-Exterior-84398.jpg.jpeg,number_plate,,0.38077634,0.643026005,0.648798521,0.765957447,541,423,,,,,,,,,
http://com.dataturks.a96-i23.open.s3.amazonaws.com/2c9fafb0646e9cf9016473f1a561002a/f9e27b82-9e65-44ba-bf9a-b3ced8901937___Skoda-Superb-Exterior-deadfront-69204.jpg.jpeg,number_plate,,0.328333333,0.551928783,0.675,0.694362018,600,337,,,,,,,,,
http://com.dataturks.a96-i23.open.s3.amazonaws.com/2c9fafb0646e9cf9016473f1a561002a/af608b5e-07d6-4bcf-84d0-f0cba9e54e12___Skoda-Superb-Rear-Profile.jpg.jpeg,number_plate,,0.388333333,0.445,0.591666667,0.56,600,400,,,,,,,,,
http://com.dataturks.a96-i23.open.s3.amazonaws.com/2c9fafb0646e9cf9016473f1a561002a/d16041c1-831d-4cc9-8869-68be8b6e12d7___slider-new-2.jpg.jpeg,number_plate,,0.621841891,0.533029613,0.827220864,0.667425968,1266,453,,,,,,,,,
http://com.dataturks.a96-i23.open.s3.amazonaws.com/2c9fafb0646e9cf9016473f1a561002a/f16274c4-0d3d-4c85-9dcc-5ac71734b281___speedex-number-plates-nandanam-chennai-car-number-plate-dealers-1ofla74.jpg.jpeg,number_plate,,0.244837758,0.421052632,0.843657817,0.745263158,678,475,,,,,,,,,
http://com.dataturks.a96-i23.open.s3.amazonaws.com/2c9fafb0646e9cf9016473f1a561002a/254b647f-4cb3-46c3-a206-4e70041f4c78___speedex-number-plates-nandanam-chennai-car-number-plate-dealers-33nu2i6.jpg.jpeg,number_plate,,0.328571429,0.326996198,0.648571429,0.44486692,350,263,,,,,,,,,
http://com.dataturks.a96-i23.open.s3.amazonaws.com/2c9fafb0646e9cf9016473f1a561002a/69b56ab9-accd-4c67-aa7a-a884c018e5ab___speedex-number-plates-nandanam-chennai-car-number-plate-dealers-3zh7n2s.jpg.jpeg,number_plate,,0.346875,0.7296875,0.672916667,0.8296875,960,1280,,,,,,,,,
http://com.dataturks.a96-i23.open.s3.amazonaws.com/2c9fafb0646e9cf9016473f1a561002a/684f079f-6085-420c-8e4e-e1aed270fc05___Toyota-Fortuner-Number-Plates-Design.jpg.jpeg,number_plate,,0.427872861,0.542028986,0.622656887,0.673913043,1250,703,,,,,,,,,
http://com.dataturks.a96-i23.open.s3.amazonaws.com/2c9fafb0646e9cf9016473f1a561002a/ad65d729-1bf7-408c-b991-f3e329f17aab___two-wheeler-number-plate-250x250.jpg.jpeg,number_plate,,0.012,0.088,1,0.756,250,250,,,,,,,,,
http://com.dataturks.a96-i23.open.s3.amazonaws.com/2c9fafb0646e9cf9016473f1a561002a/21cc678a-b9c5-4bbb-ace0-9e096e799632___unnamed-300x225.jpg.jpeg,number_plate,,0.293333333,0.44,0.453333333,0.568888889,300,225,,number_plate,,0.753333333,0.826666667,0.97,0.973333333,300,225
http://com.dataturks.a96-i23.open.s3.amazonaws.com/2c9fafb0646e9cf9016473f1a561002a/aff1f53b-3259-44f0-9718-05fb64dc8ba1___Untitled.png,number_plate,,0.221606648,0.409090909,0.551246537,0.597402597,361,308,,,,,,,,,
http://com.dataturks.a96-i23.open.s3.amazonaws.com/2c9fafb0646e9cf9016473f1a561002a/26cfb3dd-3731-4fd0-a6c2-c44e3ce7498a___used_cars_in_keralaused_bikes_in_keralaautomotive_news7.jpg.jpeg,number_plate,,0.29566855,0.5234375,0.63653484,0.66015625,531,512,,,,,,,,,
http://com.dataturks.a96-i23.open.s3.amazonaws.com/2c9fafb0646e9cf9016473f1a561002a/102ac1fb-f4e7-4d48-ab76-1f30a46c1135___Uttar-PradeshAkhileshYadavnumberplate.jpg.jpeg,number_plate,,0.373333333,0.306930693,0.776666667,0.48019802,300,404,,,,,,,,,
http://com.dataturks.a96-i23.open.s3.amazonaws.com/2c9fafb0646e9cf9016473f1a561002a/41209caa-2aa2-4003-b057-e0508c1d5ac9___Volkswagen-Ameo-Exterior-68165.jpg.jpeg,number_plate,,0.325,0.590504451,0.466666667,0.694362018,600,337,,,,,,,,,
http://com.dataturks.a96-i23.open.s3.amazonaws.com/2c9fafb0646e9cf9016473f1a561002a/a508ecb5-bfdd-46ba-8640-bb827b7c089c___Volkswagen-Polo.jpg.jpeg,number_plate,,0.795454545,0.624242424,0.951704545,0.757575758,704,330,,,,,,,,,
http://com.dataturks.a96-i23.open.s3.amazonaws.com/2c9fafb0646e9cf9016473f1a561002a/6cd15e75-3e26-41f2-a6aa-b1b58dec1c48___volkswagen-polo-exquisite-limited-edition-m1_720x540.jpg.jpeg,number_plate,,0.03058104,0.642105263,0.152905199,0.839473684,654,380,,,,,,,,,
http://com.dataturks.a96-i23.open.s3.amazonaws.com/2c9fafb0646e9cf9016473f1a561002a/52abe2c4-fde3-45b2-beec-f070e6ed98c7___Volkswagen-Vento-Rear-view-46765.jpg.jpeg,number_plate,,0.398412698,0.529745042,0.595238095,0.662889518,630,353,,,,,,,,,
http://com.dataturks.a96-i23.open.s3.amazonaws.com/2c9fafb0646e9cf9016473f1a561002a/ca18d733-ec53-49d9-87aa-a9f6c52cc7bb___VW-Polo-GT-TSI-badge-on-the-grille.jpg.jpeg,number_plate,,0.198,0.615615616,0.818,0.933933934,500,333,,,,,,,,,
http://com.dataturks.a96-i23.open.s3.amazonaws.com/2c9fafb0646e9cf9016473f1a561002a/8906af57-0d29-417d-ac46-408425527b57___VW-Vento-TDI-CNG-Spy-Pic-2.jpg.jpeg,number_plate,,0.406666667,0.534883721,0.628333333,0.706976744,600,430,,,,,,,,,
http://com.dataturks.a96-i23.open.s3.amazonaws.com/2c9fafb0646e9cf9016473f1a561002a/bb210ab4-795c-4b2b-9b6e-4597cbc67375___White-2BPlate.jpeg,number_plate,,0.36199095,0.633633634,0.64479638,0.78978979,442,333,,,,,,,,,
http://com.dataturks.a96-i23.open.s3.amazonaws.com/2c9fafb0646e9cf9016473f1a561002a/11832b13-d514-4f1d-967c-d00e76d21e9b___Yellow-Number-Plate-With-Black-Lettering.jpg.jpeg,number_plate,,0.166112957,0.460176991,0.445182724,0.640117994,602,339,,,,,,,,,
http://com.dataturks.a96-i23.open.s3.amazonaws.com/2c9fafb0646e9cf9016473f1a561002a/5345a45f-8d1b-4984-b5ee-a69fc4cbda6a___new__bd7f7862-d727-11e7-ad30-e18a56154311.jpg.jpeg,number_plate,,0.726,0.574394464,0.87,0.698961938,500,289,,,,,,,,,
http://com.dataturks.a96-i23.open.s3.amazonaws.com/2c9fafb0646e9cf9016473f1a561002a/4b669e6d-4eec-4f46-b502-f64ee0175947___new_1.jpg,number_plate,,0.276553106,0.229965157,0.903807615,0.540069686,499,287,,,,,,,,,
http://com.dataturks.a96-i23.open.s3.amazonaws.com/2c9fafb0646e9cf9016473f1a561002a/07bd977e-d578-49a2-b345-7cee5a4db6bf___new_1031520d1356604430-skoda-rapid-joins-family-edit-sold-wp_000281.jpg.jpeg,number_plate,,0.308,0.547486034,0.754,0.723463687,500,358,,,,,,,,,
http://com.dataturks.a96-i23.open.s3.amazonaws.com/2c9fafb0646e9cf9016473f1a561002a/9ea92991-8fdf-4b46-aea1-bf08ecff247c___new_1107433d1373284570-my-modded-skoda-rapid-now-166-bhp-351-nm-119-whp-per-tonne-hdr_00005_normal.jpg.jpeg,number_plate,,0.112,0.622535211,0.53,0.814084507,500,355,,,,,,,,,
http://com.dataturks.a96-i23.open.s3.amazonaws.com/2c9fafb0646e9cf9016473f1a561002a/acd85f93-544d-494e-b2f3-2d445937bb0b___new_1431956d1446017445-number-plates-merchandise-canvas-ink-gurgaon-edit-closed-thumb_img_4418_1024.jpg.jpeg,number_plate,,0.276371308,0.293785311,0.85443038,0.638418079,474,354,,,,,,,,,
http://com.dataturks.a96-i23.open.s3.amazonaws.com/2c9fafb0646e9cf9016473f1a561002a/2adfb5e7-e70a-4749-b5fa-8c233c0d47d9___new_1572920d1478091901-your-favourite-number-plate-font-jetta-german-font.jpg.jpeg,number_plate,,0.314,0.356,0.764,0.64,500,250,,,,,,,,,
http://com.dataturks.a96-i23.open.s3.amazonaws.com/2c9fafb0646e9cf9016473f1a561002a/b9467810-4022-4cf5-87e7-fed0d63c8e2f___new_1658240d1500548920-close-look-2017-skoda-octavia-facelift-hands-free-parking-front-bumper.jpg.jpeg,number_plate,,0.288,0.340361446,0.696,0.59939759,500,332,,,,,,,,,
http://com.dataturks.a96-i23.open.s3.amazonaws.com/2c9fafb0646e9cf9016473f1a561002a/730a2f83-cd53-4943-8922-af9d4fcad415___new_2.jpg,number_plate,,0.243614931,0.379310345,0.785854617,0.713793103,509,290,,,,,,,,,
http://com.dataturks.a96-i23.open.s3.amazonaws.com/2c9fafb0646e9cf9016473f1a561002a/d1115e64-987f-4a72-b9bb-853f67ca37b6___new_2014-Volkswagen-Polo-Review.jpg.jpeg,number_plate,,0.286,0.689265537,0.678,0.906779661,500,354,,,,,,,,,
http://com.dataturks.a96-i23.open.s3.amazonaws.com/2c9fafb0646e9cf9016473f1a561002a/cf011553-f802-4b11-99ec-6e03d731b646___new_2014-VW-Polo-facelift-spied-India-rear.jpg.jpeg,number_plate,,0.368,0.680803571,0.778,0.825892857,500,448,,,,,,,,,
http://com.dataturks.a96-i23.open.s3.amazonaws.com/2c9fafb0646e9cf9016473f1a561002a/d3d2cbaa-f24a-4cb7-a236-53fa514816b4___new_2017-Skoda-Rapid-Diesel-DSG-Review-6.jpg.jpeg,number_plate,,0.474,0.303571429,0.774,0.482142857,500,336,,,,,,,,,
http://com.dataturks.a96-i23.open.s3.amazonaws.com/2c9fafb0646e9cf9016473f1a561002a/e77e5db3-2bc6-4223-a258-2334256be65e___new_205356-maruti-swift-torque-blue-vdi-ddis-glistening-rockstar-enters-home-img_7531.jpg.jpeg,number_plate,,0.246666667,0.403448276,0.868888889,0.727586207,450,290,,,,,,,,,
http://com.dataturks.a96-i23.open.s3.amazonaws.com/2c9fafb0646e9cf9016473f1a561002a/936623d4-b47c-4da7-ab2e-6ac3cc63f861___new_216279d1481352986-silver-venom-mahindra-scorpio-s4-2016-ownership-review-wp_20161122_11_19_00_pro.jpg.jpeg,number_plate,,0.36,0.419708029,0.76,0.686131387,500,274,,,,,,,,,
http://com.dataturks.a96-i23.open.s3.amazonaws.com/2c9fafb0646e9cf9016473f1a561002a/4434b404-dd10-4150-b226-b76b6ef95e43___new_224489195_8_1000x700_skoda-superb-2010-.jpg.jpeg,number_plate,,0.352644836,0.627530364,0.826196474,0.858299595,397,247,,,,,,,,,
http://com.dataturks.a96-i23.open.s3.amazonaws.com/2c9fafb0646e9cf9016473f1a561002a/c48f8704-bc40-462a-a595-445b2f2e63fe___new_77cca4b6f3864b3928824a030ba101d2.jpg.jpeg,number_plate,,0.131578947,0.578787879,0.464114833,0.721212121,418,330,,,,,,,,,
http://com.dataturks.a96-i23.open.s3.amazonaws.com/2c9fafb0646e9cf9016473f1a561002a/fbc107b7-13d8-4a2d-b8be-7c96bd7d609c___new_9214a754343030395508e104d7948167_large.jpg.jpeg,number_plate,,0.216783217,0.737777778,0.694638695,0.902222222,429,450,,,,,,,,,
http://com.dataturks.a96-i23.open.s3.amazonaws.com/2c9fafb0646e9cf9016473f1a561002a/78a85f8b-de01-4036-ae91-2a1fa48bcf9f___new_995920d1349421647-cappuccino-beige-czech-tank-here-my-skoda-laura-2-0-elegance-mt-20121005_121433.jpg.jpeg,number_plate,,0.282,0.663663664,0.702,0.81981982,500,333,,,,,,,,,
http://com.dataturks.a96-i23.open.s3.amazonaws.com/2c9fafb0646e9cf9016473f1a561002a/0073797c-a755-4972-b76b-8ef2b31d44ab___new_IMG_20160315_071740.jpg.jpeg,number_plate,,0.272,0.585074627,0.696,0.829850746,500,335,,,,,,,,,
http://com.dataturks.a96-i23.open.s3.amazonaws.com/2c9fafb0646e9cf9016473f1a561002a/b3e82163-400b-4211-bb99-a5b53fb13a25___new_IMG_8883.jpg.jpeg,number_plate,,0.104803493,0.257142857,0.816593886,0.742857143,229,140,,,,,,,,,
http://com.dataturks.a96-i23.open.s3.amazonaws.com/2c9fafb0646e9cf9016473f1a561002a/7f369852-27b9-4141-8c48-9e88b20743a6___new_Mahindra-Scorpio-Taillamps-Night.JPG.jpeg,number_plate,,0.286,0.524173028,0.804,0.694656489,500,393,,,,,,,,,
http://com.dataturks.a96-i23.open.s3.amazonaws.com/2c9fafb0646e9cf9016473f1a561002a/a34aeb21-ffe8-4357-80d3-8f212c62c816___new_main_cropped.jpg.jpeg,number_plate,,0.372,0.336769759,0.726,0.532646048,500,291,,,,,,,,,
http://com.dataturks.a96-i23.open.s3.amazonaws.com/2c9fafb0646e9cf9016473f1a561002a/51d58875-0bdc-4488-84d9-8b7ad5883863___new_Maruti-Suzuki-Ignis-Rear-view-94486.jpg.jpeg,number_plate,,0.25,0.638392857,0.545,0.866071429,400,224,,,,,,,,,
http://com.dataturks.a96-i23.open.s3.amazonaws.com/2c9fafb0646e9cf9016473f1a561002a/b117ba53-d563-49c2-806b-343666616815___new_Maruti-Suzuki-recalls-75419-Baleno-cars-1961-DZire-cars-only-AGS-variant-Motown-India-Bureau-2-810.jpg.jpeg,number_plate,,0.34384858,0.493023256,0.741324921,0.753488372,317,215,,,,,,,,,
http://com.dataturks.a96-i23.open.s3.amazonaws.com/2c9fafb0646e9cf9016473f1a561002a/97846647-16f1-4ee2-b260-60774a21cc74___new_Maruti-Suzuki-Swift-Dzire-1.jpg.jpeg,number_plate,,0.309090909,0.501872659,0.793939394,0.74906367,330,267,,,,,,,,,
http://com.dataturks.a96-i23.open.s3.amazonaws.com/2c9fafb0646e9cf9016473f1a561002a/9f7c7dce-f9c9-4c95-a053-8f16e6e99466___new_new-maruti-alto-k10-2_625x300_41414071192.jpg.jpeg,number_plate,,0.330188679,0.598393574,0.764150943,0.883534137,424,249,,,,,,,,,
http://com.dataturks.a96-i23.open.s3.amazonaws.com/2c9fafb0646e9cf9016473f1a561002a/347c849b-6cfa-4edb-af1f-b29bdad25c4d___new_New-Volkswagen-Polo.jpg.jpeg,number_plate,,0.052208835,0.489539749,0.590361446,0.778242678,249,239,,,,,,,,,
http://com.dataturks.a96-i23.open.s3.amazonaws.com/2c9fafb0646e9cf9016473f1a561002a/fc1f58f0-2f54-4545-8915-2936d08dcce1___new_Skoda_Laura_DSG_Long_Term_Review-125.jpg.jpeg,number_plate,,0.344,0.609289617,0.706,0.778688525,500,366,,,,,,,,,
http://com.dataturks.a96-i23.open.s3.amazonaws.com/2c9fafb0646e9cf9016473f1a561002a/7073bd18-c0bf-47da-9e43-8c9d27831f11___new_Skoda-Laura-rear.jpg.jpeg,number_plate,,0.368,0.453453453,0.616,0.618618619,500,333,,,,,,,,,
http://com.dataturks.a96-i23.open.s3.amazonaws.com/2c9fafb0646e9cf9016473f1a561002a/5c85a40f-ce81-44b4-82b2-dfdac281217d___new_Skoda-Octavia-1.8-TSI-5.jpg.jpeg,number_plate,,0.334,0.608433735,0.628,0.768072289,500,332,,,,,,,,,
http://com.dataturks.a96-i23.open.s3.amazonaws.com/2c9fafb0646e9cf9016473f1a561002a/89d26be7-258a-4470-b0fe-d1df57b20d55___new_Skoda-Octavia-5.jpg.jpeg,number_plate,,0.295221843,0.601208459,0.441979522,0.719033233,586,331,,,,,,,,,
http://com.dataturks.a96-i23.open.s3.amazonaws.com/2c9fafb0646e9cf9016473f1a561002a/07e787a7-6cc3-482c-9ce5-f0ce115b47f1___new_VW-Polo-GT-TSI-badges-on-the-boot-lid.jpg.jpeg,number_plate,,0.040506329,0.129251701,0.929113924,0.857142857,395,147,,,,,,,,,
